Antibody dilution;FXN + Fe2+ exp1;FXN + Fe2+ exp2;FXN + Fe2+ exp3;FXN exp1;FXN exp2;FXN exp3;;
18;100;100;100;100;99.9999998;100;;
9;87.27;116.070532;85.7433333;87.315;65.7769922;67.1866667;;
4.5;95.23;82.9919619;97.7433333;56.955;41.2312384;52.8466667;;
2.25;105.025;61.5440707;85.39;51.025;31.2611383;38.1633333;;
1.125;69.82;51.7749223;80.49;55.025;33.9394986;50.2166667;;
0.5625;68.35;33.7931496;60.7733333;61.925;48.0820898;57.33;;
0.28125;42.32;21.4044071;44.9766667;61.615;37.4251019;45.5733333;;
0.140625;;;36.71;;;37.22;;
