FXN;FXN + Fe2+;;;
0.089661;0.0861563;;;
0.092643;0.097162;;;
0.067135;0.057227067;;;
