[H2O2] uM;kobs
0;0.00194
1;0.00504
3;0.00565
6;0.00879
